0,Rhomboid
1,Entire
2,Permanent
5,Brown
6,Little's
7,Tonsillar
8,Structure
12,Pulmonary
13,Flexor
15,Organ
20,Posterior
23,Cardiac
24,Upper
27,Enamel
31,Bone
32,Skin
33,Articular
34,Hematopoietic
36,All
42,Subcutaneous
43,Joint
44,Integumentary
53,Surface
56,Peritoneal
57,Intrinsic
58,Palm
61,Muscle
64,Folium
68,Less
69,Segmental
77,Colonic
79,Arterial
82,Belly
83,Tendon
84,Peroneal
85,Lateral
88,Spinous
90,Mediastinal
94,Digital
96,Vena
97,Foot
101,Head
105,Metacarpophalangeal
110,Medial
115,Internal
118,Popliteus
122,Saphenous
124,Shoulder
125,Crus
128,Central
131,Optic
135,Medullary
138,Transverse
140,Proximal
145,Septum
148,Dorsal
150,Cervical
153,Deep
155,Angle
168,Extensor
171,Interlobular
175,Part
180,Third
181,Ilioinguinal
187,Anterior
189,Motor
191,Gut-associated
195,First
198,Lower
202,Eighth
203,Little
204,Axillary
207,Descending
210,Layer
211,Urethral
215,Left
218,Intersesamoidean
220,Digastric
228,Umbilical
231,Aortic
235,Lactiferous
236,Mesial-occlusal-distal-buccal
241,Subscapularis
243,Shafts
244,Pastern
248,External
250,Right
254,Abdominal
258,Apophysis
262,Diaphragmatic
263,Stratum
273,Palatine
274,Region
277,Forefoot
278,T4/T5
282,Opening
283,Fascia
286,Pelvic
289,Small
294,Segment
297,Collateral
304,Mesial-occlusal-lingual
305,Ulnar
306,Rectosigmoid
312,Carotid
319,C6/C7
320,Accessory
322,Superior
325,Middle
332,Pericardial
336,Ligament
337,Valve
342,Orbicularis
344,Spinal
353,Iliofemoral
356,Ventral
357,Cervicothoracic
360,Sebaceous
361,Vascular
363,Subhepatic
366,Appendiceal
372,Glomus
373,Hamulus
375,Fasciculoventricular
378,Plantar
382,T1
389,Intermetatarsal
391,Renal
396,Meninges
398,Musculotendinous
404,Nail
406,Preferential
408,Scleral
412,Invertor
413,Interstitial
417,Muller's
421,Abductor
423,Thalamoolivary
430,Radial
436,Masseter
440,Occipitofrontalis
444,Branch
447,Ocular
448,Gastric
454,S3
461,C5
466,Otolithic
468,Anterior-posterior
469,Air
476,Intestinal
478,Annulus
482,Mucosa
489,Bilocular
500,Neck
501,Semitendinosus
512,Brodmann
520,Intrahepatic
532,Cartilago
533,Anthropoid
534,Lumbosacral
540,Gizzard
542,Pulp
565,Subglottis
567,Lens
573,Submental
575,Submucosa
579,Dendritic
583,Parasympathetic
602,Acinus
605,Keratohyoid
606,Mid
609,Sublingual
617,Annular
627,Ninth
628,Helicine
631,Orbital
636,Udder
637,Anulus
638,Lesser
644,Tibia
646,Inferior
649,Greater
650,Lumbar
652,Membranous
659,Sagittal
662,Second
663,Airway
669,Meningeal
671,Iliac
672,Lamina
677,Submandibular
688,Body
696,Component
701,Tributary
703,Tracheobronchial
707,Healey
711,Common
720,T7-T8
721,Parotid
725,Intervertebral
728,Communicating
731,Recessus
732,Cauda
734,Mucous
736,Carpal
743,Dentin
744,Jugular
753,Tooth
754,Lacrimal
765,Superficial
772,Hypopharyngeal
773,Coffin
781,Gonadal
782,C7
784,Foramen
794,Peritoneum
803,Costophrenic
804,Fourth
811,Parietal
818,Parameningeal
822,Dermatome
825,Scapula
832,Inguinal
833,Elastic
834,Bifurcation
839,Sulcus
844,Penile
848,Talocalcaneonavicular
849,Lymphocytic
860,Acromioclavicular
862,Mesial-incisal-distal-lingual
870,Heel
890,Cusp
899,Habenular
902,Duodenojejunal
905,Mesial
906,Non-articular
907,Endolymphatic
912,Sacral
915,Striatostriatal
925,Serosa
932,Symphysis
934,Duodenal
938,Cranial
941,Alveolar
944,Trunk
945,Polystomatic
951,Peripapillary
954,Suprahepatic
962,Interglobular
965,Marginal
970,Facial
971,Alar
1000,Ascending
1006,Root
1007,Costotransverse
1013,C5/C6
1024,Aberrant
1033,Buccal-distal-palatal
1038,Atrial
1039,Medulla
1041,Neuropil
1051,Zygomatic
1053,Esophageal
1060,Cutaneous
1063,Mandible
1066,Dental
1072,Catagen
1077,Musculoskeletal
1086,Interlobar
1091,Nervous
1094,Cord
1095,Appendix
1103,Bony
1109,Median
1116,Subdivision
1126,Mammary
1133,Cochlear
1135,Palmar
1139,Wrist
1144,T11/T12
1146,Cavum
1153,Dorsum
1165,Thoracic
1166,Nucleus
1167,Squamous
1172,Carnassial
1186,Epiphysis
1188,Cerebellar
1189,Caudate
1190,Fifth
1207,Uropygial
1225,Sternal
1229,Prefemoral
1243,Venenosalivary
1253,Mucogingival
1256,T7/T8
1260,Endocrine
1276,Fetlock
1282,Sensory
1300,Reptile
1301,Precentral
1302,Couinaud
1303,Ischiorectal
1305,Vestibular
1309,Venicula
1312,6/7
1320,Ventriculo-infundibular
1322,Pancreatic
1325,Oblique
1336,Ethmoid
1339,Cilioretinal
1340,Nerve
1343,Periarterial
1349,Frontal
1360,Peripheral
1364,Diagonal
1375,Terminal
1376,Paracolic
1377,Periventricular
1383,Vertical
1386,Intraregional
1388,Coronary
1391,Hole
1392,Tectospinal
1395,Nose
1412,Regional
1415,Blood
1417,Horn
1425,Pyramidal
1429,Conjunctival
1438,Erector
1440,Capsule
1451,Mitral
1469,Type
1473,T9/T10
1475,Nutrient
1485,Guinea-pig
1486,Distal
1494,Gland
1499,Lumen
1501,Native
1507,Tibiofibular
1514,Mesiobuccal
1520,Venous
1524,T8/T9
1526,Stay
1534,Tubercle
1545,Subclavian
1553,Parathyroid
1557,Preaortic
1560,Retrocuspid
1563,Leptomeninges
1577,Fibrous
1580,Basal
1594,Apex
1608,Border
1613,Microscopic
1615,Femoral
1619,Neurocranium
1643,Macula
1645,Quadrant
1654,Highest
1656,Infraorbital
1663,Talonavicular
1676,Ostium
1683,Indeterminate
1685,Base
1688,Process
1692,Hypothenar
1693,Skeletal
1699,Preauricular
1700,Corticopontine
1703,Equine
1721,Sweat
1726,Breast
1729,T5/T6
1734,Ectopic
1741,Infratemporal
1752,Dentinoenamel
1757,Prostatic
1759,Scala
1766,Malleolar
1767,Mesial-occlusal-distal-palatal
1775,Adductor
1778,Hip
1782,Eighteenth
1783,Toruli
1790,Primary
1794,Vomeronasal
1802,Hearing
1816,Supramesocolic
1825,Posterolateral
1830,Calcarine
1832,Secondary
1837,Hair
1856,Tail
1860,Straight
1868,Tenth
1880,Short
1883,Apical
1899,Wall
1906,Suspensory
1907,Spinocerebellar
1941,Connective
1949,Areola
1951,Rectal
1963,C3
1976,Sphenoid
1979,Diabetic
2004,Vent
2013,Tibiotarsal
2017,Trapezoid
2019,Coccygeal
2020,Auditory
2027,Perinasal
2040,Aorta
2056,Cisterna
2071,Long
2073,Iris
2076,Distal-incisal-palatal
2081,Supraspinatus
2084,Callosomarginal
2085,Intermediate
2090,Rima
2094,Bronchial
2108,Mylohyoid
2109,Dodd's
2124,Supracolic
2126,Systemic
2132,Intertransverse
2134,Palatopharyngeal
2135,Oculomotor
2136,Hand
2137,Bulboglandularis
2146,Cardiovascular
2159,Artery
2165,Curve
2166,Eye
2167,Vertebral
2174,Ceruminal
2187,"Ear,"
2192,Maxillary
2193,Occipital
2195,Dander
2199,Plates
2205,Circumferential
2207,Cecum
2213,Cerebral
2217,Bile
2228,Anconeal
2229,Apocrine
2238,Proboscis
2260,Semicircular
2264,Thyroid
2266,Bronchopulmonary
2285,T10
2301,Nonosteonal
2308,Bronchiole
2310,Supraglottis
2317,Manubriosternal
2325,Olfactory
2329,Heart
2330,Pituitary
2332,Subsegmental
2335,Petrosal
2350,Submaxillary
2351,Tonsil
2352,Lingual
2362,Vagus
2364,Ventricular
2366,Ileal
2369,Metacarpal
2373,Scalp
2375,Pacchionian
2381,Femoropopliteal
2395,Pars
2417,Shaft
2419,Palatal
2429,Omentum
2442,T2
2452,Paraumbilical
2453,Uncinate
2456,Periumbilical
2459,Gastrojejunal
2465,Subtalar
2470,Brain
2477,Sphincter
2479,Incus
2481,Back
2482,Muscularis
2484,Mesorectum
2489,Thumb
2490,Tunica
2495,Seventh
2501,Pontine
2520,Tongue
2523,Tip
2525,Adenohypophysis
2535,Periadrenal
2543,Corticospinal
2546,Distal-buccal
2560,Eccrine
2571,Ureteric
2572,Limbal
2586,Philtrum
2602,Pectoral
2608,"Mouth,"
2610,Nasal
2612,Paravertebral
2624,Section
2632,Floor
2637,Linea
2658,Diaper
2663,Lung
2677,Periarticular
2679,Axis
2694,Facet
2696,Intercarpal
2703,Parafoveal
2712,Infraspinatous
2719,Oral
2729,Dentition
2743,C1
2750,Sternocostal
2762,Expansion
2771,Extracellular
2776,Synovial
2784,Paranasal
2786,Perinephric
2788,Retromammary
2803,Mesial-incisal-distal
2812,Metatarsophalangeal
2823,Jejunal
2826,Gastroduodenal
2831,Waldeyer's
2833,Foveal
2846,Crista
2851,Ileostomy
2864,Loop
2868,Tibialis
2872,Uveal
2874,C1/C2
2892,Bonnet's
2893,Lymphatic
2895,Complex
2908,Pinna
2922,Hyaline
2947,Bronchoesophageal
2948,S2
2952,Pleural
2956,Rib
2968,Acoustic
2975,Canal
2976,Fetal
2982,Column
2990,Interatrial
2999,Thyroarytenoid
3030,Subperiosteum
3037,Midbrain
3041,Thoracolumbar
3051,Nigrothalamic
3054,Soleus
3056,Killian's
3073,Subpulmonary
3077,Association
3082,Laryngeal
3087,Papillary
3092,Anal
3094,Ground
3102,Proper
3109,Striae
3111,Archicerebellar
3123,Perilymphatic
3132,Occlusal
3155,Biceps
3160,Division
3167,Nuclear
3168,Sacroiliac
3184,Retroperitoneal
3188,Elevator
3190,Salivary
3194,Mucocutaneous
3196,Paraganglia
3203,Lymphoid
3204,Insertion
3250,Saccular
3251,Great
3254,Inter-regional
3255,Splenic
3279,Lymph
3289,Neuroepithelial
3295,Gingival
3297,Septal
3299,Glenoid
3316,Carpometacarpal
3323,Eyeball
3331,Longitudinal
3342,Retinal
3351,Temporohyoid
3353,Masticator
3357,Hypothalamic
3406,Unilocular
3407,Labial
3416,Pineal
3429,Intracranial
3431,Retrocecal
3433,Atrioventricular
3455,Postauricular
3456,Multilaminar
3457,Epihyoid
3462,Stomach
3474,Limb
3482,Junction
3484,Thigh
3496,Truncus
3498,Temporal
3499,L4/L5
3505,Compact
3524,Tibial
3540,Unpaired
3542,Circumflex
3553,Epiglottis
3557,Nodoventricular
3558,Extrinsic
3563,Cecal
3565,Turn
3570,Liver
3574,Front
3582,End
3596,Mesenteric
3614,Dorsiflexor
3621,Lacunar
3648,Cystoduodenostomy
3669,Kidney
3689,L5
3697,Saccule
3712,Subhyaloid
3716,Mesiolingual
3721,Supreme
3726,Antecubital
3737,Callosal
3740,Vitreous
3746,Rectum
3748,Rostral
3757,T2-T3
3767,Monostomatic
3784,Ramus
3789,Premotor
3801,Infraglottic
3814,Hallux
3821,Grey
3826,Buccal
3828,Pretarsal
3852,Hindbrain
3883,T2/T3
3888,Olivary
3889,Ischial
3909,Sacrococcygeal
3913,L3/L4
3940,"Neck,"
3950,Temporomandibular
3955,Mesial-occlusal-palatal
3981,Mastoid
3984,Gluteal
3999,Seventeenth
4002,T8
4003,Popliteal
4010,Distal-occlusal-palatal
4034,Intercostal
4041,Teat
4055,Displaced
4079,Distobuccal
4084,Anorectal
4096,Urinary
4114,Zonular
4126,Pecten
4149,Trochlear
4166,Infratentorial
4173,Taenia
4177,Capsular
4185,Adductor-interosseous
4195,Large
4197,Coracoclavicular
4214,Costovertebral
4215,Endomysium
4228,Distal-occlusal-lingual
4233,Tympanic
4243,Brachial
4265,Vein
4273,Hunterian
4280,Tuberosity
4289,Subtemporal
4294,Ischiococcygeus
4299,C2/C3
4316,Thirteenth
4319,Gemellus
4324,Bronchomediastinal
4327,T3-T4
4331,Pedicle
4333,Animal
4339,Trochanter
4348,Hair-bearing
4356,Bladder
4364,Mid-zone
4393,L3
4405,Distal-occlusal
4410,Cerebrovascular
4413,Cartilage
4420,Pons
4422,Goat
4432,L2/L3
4452,Meniscus
4453,Embrasure
4467,Posterosuperior
4475,Free
4482,C2
4491,Extra-articular
4506,Pharyngeal
4515,Incisure
4535,Poll
4542,Perigastric
4545,Soft
4552,Ankle
4556,Femur
4564,Half
4586,Inner
4587,Cloacogenic
4588,5/6
4594,Spleen
4617,Pelvis
4629,T10-T11
4631,Four
4633,Tapetum
4652,Ansaparamedian
4657,Android
4671,Sternum
4673,Peroneus
4688,Finger
4708,Epiglottic
4725,Intracapsular
4727,Diaphragm
4740,Celiac
4753,Palpebral
4763,30
4767,Glossoepiglottic
4770,Rabbit
4789,Ventriculopulmonary
4790,Zona
4796,Respiratory
4799,Sellar
4805,Thymus
4808,Vestibulocochlear
4849,Rhomboideus
4851,Scapholunate
4857,Gastrointestinal
4888,Neurohypophysis
4890,Musculi
4902,L1/L2
4909,Eyelid
4920,Mesentericoparietal
4924,Hassal's
4928,Epiphyseal
4935,Jaw
4943,Anterolateral
4950,Rhinencephalon
4962,C6-C7
4996,Portal
5013,Tuber
5014,Vesicular
5036,Cricothyroid
5038,Periungual
5064,Arachnoid
5076,Buccal-incisal
5085,Subaortic
5090,Retinaculum
5102,Synostosis
5104,Endoneurium
5113,Developmental
5123,Rotator
5144,Pupillary
5151,Pes
5195,Extrahepatic
5200,Styloid
5203,Developing
5229,Cystic
5248,Glycogen
5253,Precerebral
5270,Intra-abdominal
5281,Distal-lingual
5292,Larynx
5333,Iridociliary
5345,Stapes
5365,Cerebellopontine
5373,Supramalleolar
5376,Atlantooccipital
5400,Buccal-occlusal
5404,Triangular
5413,Supinator
5423,Obliquus
5435,80
5445,Groin
5456,C4/C5
5465,Pericecal
5471,Fourteenth
5472,Nasalis
5474,Lophodont
5485,Vertex
5505,Superolateral
5529,Glandular
5537,Phrenic
5575,Ciliary
5604,T3/T4
5610,Cannon
5612,Compound
5629,Calcanean
5630,Gyrus
5632,C5-C6
5645,Intercondylar
5648,Blow
5652,Biliary-pancreatic
5656,C7-T1
5668,Glomerulus
5693,Hypothalamic-pituitary-adrenal
5704,Specialization
5707,Subiliac
5724,Bipolar
5726,Infraclavicular
5733,T4
5742,Duct
5745,T1-T2
5751,Limbic
5753,Caudal
5754,Simple
5768,Mesenchymatous
5775,Para-aortic
5792,Intraoccipital
5797,Ependyma
5816,Pharyngo-esophageal
5877,Peripancreatic
5880,Outer
5896,Habenula
5917,Arrector
5921,Sternocephalicus
5932,Visceral
5946,Interspinous
5962,True
5973,Psoas
5982,Efferent
5984,Residual
5986,Radius
5995,Inferolateral
6001,Subfrontal
6003,Pretectal
6005,Zygomaticofacial
6024,Fascial
6033,Stieda's
6036,Forelimb
6063,Glottis
6071,Henle's
6111,Avian
6169,Preseptal
6180,Limbus
6211,Anterior-middle
6223,White
6226,Serous
6231,L1
6243,Auricular
6244,Zone
6251,Pyramid
6265,Hyoid
6276,Portahepatis
6278,Female
6290,Hypoglossal
6291,Spiral
6295,Parasymphyseal
6297,Krause's
6316,Eyelash
6327,Sixth
6334,Glossopalatine
6340,Distopalatal
6341,Glossopharyngeal
6353,Transversalis
6354,Crest
6362,Mentolabial
6371,Reticular
6372,Membrane
6380,Endosteum
6387,Distolingual
6396,Nuchal
6404,Visual
6415,Ansa
6416,Peripharyngeal
6418,T9
6428,Ear
6447,Nasopharyngeal
6448,Epithelial
6449,Cuboidonavicular
6451,Centrilobular
6454,Arch
6469,Lining
6479,Instep
6481,Knee
6495,Vault
6497,Preoptic
6514,Inguinofemoral
6530,Trigonal
6531,Paraflocculus
6533,Premaxillary
6534,Hjortso
6538,Multiple
6539,Fossa
6543,Pectoralis
6557,Aryepiglottic
6631,Paleocerebellar
6632,Skull
6650,Eleventh
6668,Supraclavicular
6681,Deltoid
6682,Intercuneiform
6689,Posteromedial
6707,Cardiopulmonary
6722,Isthmus
6729,Three
6770,Subphrenic
6786,Elbow
6787,Gallbladder
6792,Gill
6797,Aspect
6817,Normal
6893,Pig's
6922,Epidermis
6925,Intercellular
6929,Basement
6935,Uvula
6939,Pyloric
6954,Lobar
6956,Radioscapholunate
6979,T1/T2
6982,Metatarsal
6990,Side
6992,Bulbospongiosus
7013,Distal-occlusal-buccal-palatal
7066,Perianal
7094,Pararectal
7107,Adrenal
7112,Trabeculae
7113,Amygdaloid
7119,Tracheal
7121,Urothelium
7125,Hiatus
7130,Fifteenth
7133,Posteroinferior
7150,Hepatic
7158,Mesial-occlusal-buccal
7192,Subperiosteal
7213,Patellar
7229,Sesamoidean
7239,Minor
7244,Lacunae
7246,Xiphisternal
7253,Flocculus
7293,Extremity
7317,Tensor
7360,Prefrontal
7369,Prevascular/retrotracheal
7376,Prepubic
7381,Circular
7415,T6/T7
7417,Hyaloid
7419,Puborectal
7423,Costal
7432,Intrathoracic
7438,Porcine
7440,Operculum
7443,Epithalamic
7449,Dentinocemental
7460,Eyebrow
7505,Leaf
7545,Rat
7546,Forearm
7563,Ill-defined
7569,Paramolar
7570,Pubis
7585,Pericardiophrenic
7587,Optical
7609,Corneal
7622,Shank
7639,Koilin
7640,Vestibule
7654,10
7660,Thyrohyoid
7669,Coronal
7689,Uterine
7694,Genital
7695,Lip
7698,90
7703,Ulna
7704,Inlet
7720,Mesial-occlusal-buccal-palatal
7721,L5/6
7728,Temporoparietal
7735,Capula
7756,Distal-incisal
7769,Falciform
7811,Hilar
7819,Zygomaticotemporal
7828,T5
7835,Ray
7841,Camelid
7864,Soleal
7869,Non-skeletal
7881,Radiocarpal
7894,Venom
7897,Enthesis
7906,Suprahyoid
7918,Midline
7924,T11
7936,Hepatoduodenal
7948,Nigrostriate
7950,Tricuspid
8011,Distal-incisal-lingual
8028,Zygapophysial
8049,Nipple
8064,Distal-occlusal-buccal-lingual
8068,Cuboideonavicular
8070,Epicondyle
8104,Frontoethmoid
8124,Sinus
8145,Tarsal
8166,Midlobular
8198,Interosseous
8251,Buccogingival
8312,Pilosebaceous
8331,L2
8370,Hemodynamic
8372,Urethra
8377,Pubovesical
8396,Afferent
8400,Corpora
8406,Bicipital
8412,Pronator
8439,Lingula
8441,Hindfoot
8451,Smooth
8453,Cricoesophageal
8483,Ileocolic
8548,Rod
8551,Buttock
8554,T10/T11
8559,Sixteenth
8566,Trabecula
8575,Areolar
8608,Distal-incisal-buccal-palatal
8624,Mouth
8632,Volar
8638,Truncal
8650,Plexus
8656,Subepidermal
8679,Anomalous
8684,Suboccipital
8707,Somesthetic
8715,Periodontal
8725,Forehead
8739,Ischiourethralis
8755,Trigeminal
8756,Natal
8763,Abducens
8765,Bursa
8779,Myocardium
8823,Toe
8830,Telogen
8836,Mesial-occlusal-distal
8865,Chiari
8883,Lingual-occlusal
8902,Postseptal
8910,Deciduous
8913,Retrotracheal
8919,Eustachian
8922,Inframammary
8928,Osseous
8940,Haversian
8964,Beak
8968,Pupil
8976,Autonomic
8982,T12/L1
8998,Mahaim
9007,Esophago-gastric
9012,Extracapsular
9047,Endothelium
9050,T12
9068,stifle
9076,Submammary
9090,Anatomic
9099,Interventricular
9129,Serrated
9178,Subserosa
9182,Ductus
9197,Lentiform
9203,Depressor
9206,Hard
9242,Pectinate
9258,T7
9288,Splint
9315,Pilo-sebaceous
9317,Twelfth
9318,Eminentia
9327,Dewclaw
9377,Dorsalis
9387,Sigmoid
9417,Retractor
9418,Gas
9419,Supraaortic
9440,Porta
9448,Crypt
9479,Descendens
9489,Stylohyoid
9511,40
9520,Platypelloid
9521,Intrabiventral
9544,Gray
9570,Fang
9614,Flocculonodular
9618,T6-T7
9635,Mesiopalatal
9649,Fissure
9671,Bunodont
9677,Intercavernous
9698,Supra-ampullary
9724,Corticobulbar
9733,Plane
9737,C6
9751,Insular
9785,Lamellar
9793,Mesorectal
9827,SkinAND/OR
9851,Atriofascicular
9853,Scapular
9878,Nephron
9888,Two
9898,Cheek
9902,Horizontal
9916,Crux
9946,Rubro-olivary
9955,Obturator
9972,Oropharyngeal
9979,Mesogastric
9991,Cuneate
10008,20
10032,Scaphoid
10033,Tragus
10042,Muscular
10043,T11-T12
10053,Endocardium
10057,Clavicle
10058,Non-glandular
10066,Saphenopopliteal
10080,Talocalcaneal
10104,Perimacular
10115,Meissner's
10130,Pubic
10143,Pia
10166,Dog
10167,Col
10181,Costocorporeal
10228,Trabecular
10237,Infragenicular
10254,Transversus
10256,C4
10260,Fusiform
10267,Sympathetic
10271,Ventricularis
10278,Supratrochlear
10302,Sclerocorneal
10327,Ligamentum
10336,Major
10338,Talus
10350,Paramammillary
10435,Posteroseptal
10439,Clavicular
10455,Coronet
10466,Midcarpal
10473,Ampulla
10483,Tuberculum
10496,Sternoclavicular
10500,Transitional
10517,Pterygoid
10546,Zygapophyseal
10550,Ceratohyoid
10562,Loin
10565,Infrahyoid
10566,Cruciate
10578,Percent
10589,Cardiophrenic
10600,Plexiform
10607,Perirenal
10613,Puboprostatic
10617,Supraorbital
10635,Supernumerary
10663,Labyrinth
10673,Mesial-occlusal
10678,Single
10702,Ganglionic
10712,Hypothalamic-pituitary-ovarian
10713,Triangle
10736,Talofibular
10766,Mononuclear
10791,Sciatic
10824,Supratentorial
10826,Canthal
10830,Velvet
10865,L6/S1
10882,LV
10884,Taste
10890,Superomedial
10894,Dermoepidermal
10898,Guttural
10902,Five
10923,Colon
10926,Mesial-occlusal-distal-lingual
10933,Antitragus
10945,Constrictor
10962,Acetabular
10963,Cricoid
10974,Cartilaginous
10975,Vocal
10983,Thenar
11000,Mesial-palatal-distal
11123,Digestive
11150,Endothoracic
11165,Extradural
11167,Diencephalon
11169,Dural
11174,Trifurcation
11178,Flank
11211,Phrenicopleural
11215,Calcaneal
11228,Urethralis
11230,Sacrotuberal
11240,Peri-ampullary
11255,Adenoidal
11272,8/9
11280,Stretch
11325,Sural
11327,Humor
11359,Corpus
11362,Anterosuperior
11382,Tectum
11386,Lemniscal
11393,Lobe
11394,Red
11395,Suprachoroidal
11436,"Abdomen,"
11464,Aorticopulmonary
11476,Mesial-incisal-buccal-lingual
11497,Mesentery
11521,Crural
11539,Subdural
11543,Incisal
11566,Ring
11589,Clinical
11596,Ileocecal
11612,Interarytenoid
11662,Unilaminar
11679,Anogenital
11680,Mesial-buccal-distal
11686,Perforating
11689,Palatal-occlusal
11704,Gynecoid
11706,Clivus
11724,Chest
11734,Antihelix
11769,Innominate
11774,Supramammary
11781,Ilium
11786,Pygostyle
11789,Calcaneocuboidal
11798,Iliolumbar
11820,Mesial-incisal-buccal-palatal
11826,Nucodorsal
11854,S1
11865,Condyle
11943,Protractor
11948,Infrapatellar
11957,Conducting
11998,Male
12002,Ischium
12070,50
12076,Mesothelium
12080,Mesial-lingual
12111,Mesial-incisal
12124,Hump
12148,Clava
12186,Subpleural
12209,Axial
12219,Hippocampal
12249,Wolf
12272,Pharynx
12276,Mesotendineum
12283,Radiolunate
12285,Cementum
12291,Face
12334,Musk
12342,Entodermal
12355,Proventriculus
12413,Corpuscula
12431,Triceps
12443,Buccal-mesial-palatal
12466,Auxiliary
12472,Hypogastric
12474,Humerus
12483,Hartmann's
12505,T6
12523,Substantia
12539,Tegmental
12547,Synchondrosis
12578,Dentinal
12625,Macular
12631,Interphalangeal
12643,Subanconeus
12655,Peripeduncular
12690,Globus
12721,Margo
12770,Non
12776,Sole
12788,Interpectoral
12801,Stifle
12822,Intraventricular
12834,Hemolymph
12851,Fiber
12871,Chondrocostal
12902,Ventriculoaortic
12905,Semimembranosus
12942,Mesial-incisal-distal-palatal
12949,Navicular
12958,Pericondylar
12993,Foveola
12995,Choroidal
13008,Osteoid
13052,Buccal-distal-lingual
13072,Thalamic
13091,Pre-aortic
13102,Nasolacrimal
13105,Mandibular
13117,Merkel's
13148,Yellow
13168,Limit
13170,Helix
13190,Rectus
13225,Torus
13274,Buccal-incisal-palatal
13322,Parolfactory
13338,Subserosal
13341,Outlet
13346,Radioscaphocapitate
13368,False
13375,Mesial-buccal-distal-lingual
13380,Anatomical
13397,Low
13418,Peritendineum
13424,Dermis
13428,Mental
13437,T4-T5
13438,Gastrocnemius
13469,Infantile
13470,Hypothalamic-pituitary-gonadal
13472,Malpighian
13487,Perivesicular
13500,Layers
13542,Neuroendocrine
13559,Index
13584,Mesial-incisal-buccal
13586,Fluid
13621,Incisal-palatal
13644,Corticothalamic
13650,Ruffini's
13658,Longus
13682,Retinacula
13704,Epineurium
13754,Perineurium
13774,Edinger
13778,Digitation
13782,Digit
13858,L4/5
13886,Intertarsal
13905,Anteroseptal
13918,Lacuna
13922,Camel
13942,Canine
13954,Postlingual
13958,Clinoid
13963,Synarthrosis
13967,Mesial-incisal-distal-buccal
13979,Glossotonsillar
14037,Mesobronchus
14042,Epidermal
14046,Retroduodenal
14060,Synapse
14064,Fibula
14094,Maxillofacial
14131,Epigastric
14132,Epichoroidal
14135,Utricular
14136,Spinothalamic
14142,Antebrachial
14157,Infra-umbilical
14158,Nasolabial
14211,Margin
14240,Mesial-palatal
14242,Malleus
14282,L4
14283,Suprapulmonic
14295,Postnodular
14297,Hamstring
14302,C4-C5
14324,Cow
14344,Blubber
14376,Cardia
14398,Strucuture
14427,Slow
14431,Harderian
14432,Insula
14468,Mane
14471,Plastron
14519,Space
14525,Substernal
14554,Fornicial
14604,Temporoparietalis
14673,Blade
14700,Dura
14738,Osteon
14748,Mesial-buccal-distal-palatal
14773,Spherical
14830,Talotibial
14913,Limiting
14924,Basihyoid
15010,Mesial-buccal
15015,Parabronchus
15041,Crop
15047,Neuron-muscle
15092,Cat
15101,Distal-incisal-buccal
15102,C3/C4
15108,Phalanx
15111,Adipose
15115,Epithelium
15116,Follicle
15127,Pericardium
15135,Attic
15138,Gastroepiploic
15158,Vesicoureteric
15204,Cricoarytenoid
15215,L5/S1
15224,Rim
15261,Inframesocolic
15293,Origin
15303,X-zone
15314,Suprasellar
15318,Scapulothoracic
15337,Cystojejunostomy
15346,Mesial-incisal-distal-buccal-palatal
15407,Far
15421,Area
15444,Supragenicular
15532,Loose
15581,Subarachnoid
15587,Glia
15595,Suprainguinal
15612,Venae
15616,Juxtarestiform
15666,Intracelomic
15685,"Chest,"
15689,Mamelon
15692,Hypothalamic-pituitary-testicular
15714,Thyroglossal
15718,Crena
15729,Retromolar
15773,Lenticulostriate
15779,Glomerular
15790,Buccal-incisal-lingual
15803,Myelinated
15812,Wing
15836,Striated
15851,Distal-incisal-buccal-lingual
15864,Urogenital
15882,Arcus
15894,C8
15926,Extrapyramidal
15934,High
15942,Amacrine
15979,Mesial-lingual-distal
15981,T5-T6
16003,Pterygopalatine
16016,Pericardiacophrenic
16017,Brainstem
16021,Collecting
16071,Pubovaginalis
16076,"Naris,"
16118,Inferodorsal
16119,Withers
16123,S4
16131,Chin
16167,Rectococcygeus
16191,L4/S1
16197,Golgi-Mazzoni
16206,Pudendal
16212,60
16221,Check
16229,Cellular
16262,Submuscular
16352,Cupula
16362,Stria
16373,Cavernous
16381,Perineal
16399,Interspinalis
16412,Nodes
16430,T9-T10
16447,Foramina
16466,Teres
16473,Perimysium
16545,Aponeurosis
16570,Fibrofatty
16629,Stem
16659,Zymbal's
16674,Distal-palatal
16682,Anus
16696,Omental
16707,Nape
16724,Intertragal
16743,Cystogastrostomy
16746,Molar
16764,Ossicular
16811,Ectodermal
16823,Hindlimb
16874,Extraocular
16902,Synovia
16905,Pericraniocervical
16918,Dilator
16922,Paramacular
16935,Impar
16957,Extracranial
16982,Subareolar
16998,Tibioperoneal
17015,Processus
17031,Abdomen
17032,Shin
17048,Nasoethmoid
17073,Cockett's
17134,Cardioesophageal
17155,Midtarsal
17165,Ventro-lateral
17178,Buccal-mesial-lingual
17181,Maxilla
17201,Subgaleal
17202,"Heart,"
17227,Perivesical
17297,Intramural
17364,Tusk
17371,Hypochondriac
17388,Arytenoid
17413,Paraesophageal
17420,Main
17435,Flexural
17451,Tectopontine
17465,Fauces
17485,Mesial-occlusal-distal-buccal-palatal
17504,Arcuate
17519,T8-T9
17571,Paired
17616,Pneumatic
17623,Intermetacarpal
17624,Pharyngobasilar
17630,Perifoveal
17638,Parasagittal
17660,Periosteum
17689,Hind
17697,Ureter
17716,Tectoreticular
17723,Tympanohyoid
17732,Fin
17784,Physical
17791,Retro-tibial
17796,Aperture
17805,T3
17830,Dome
17850,Paratracheal
17857,Supraomohyoid
17882,Inlet/outlet
17962,Postcentral
17964,Chamber
17985,Concha
17993,Cuneonavicular
18010,Hypothalamus
18018,Perichondrium
18081,Glenohumeral
18084,Conchal
18096,70
18113,Sclera
18127,Adventitia
18135,Evertor
18144,Nerves
18167,Distomolar
18179,C2-C3
18192,Ulnolunate
18257,Elliptical
18278,Juxtaglomerular
18291,Suture
18304,Plantaris
18315,Rutherford
18329,Vomer
18344,Thalamus
18381,Subendosteum
18388,Distal-occlusal-buccal
18391,Dense
18401,Interdigital
18418,Infracolic
18479,Isolated
18480,Antler
18484,Genitourinary
18512,Giacomini
18561,Flexure
18590,Tissue
18604,Intertrochanteric
18643,Subependymal
18660,Lumbar/thoracic
18672,Filum
18681,Columella
18692,Gomphosis
18706,Fibular
18726,Mixed
18734,Epicranius
18749,Mesial-occlusal-buccal-lingual
18790,Chestnut
18798,Periorbital
18800,Basilar
18808,Columnar
18835,Spino-olivary
18845,Cuneocuboidal
18853,Crown
18859,Pole
18866,Commissure
18915,Mesial-incisal-distal-buccal-lingual
18951,Mesial-incisal-palatal
18965,Fundus
18982,Olivocerebellar
18984,Intraglandular
18992,Subthalamic
18995,Compartment
18998,Interproximal
19021,Claustral
19024,Wernicke's
19031,Diffuse
19044,Subconjunctival
19066,Splanchnic
19074,Mesial-occlusal-distal-buccal-lingual
19078,Fasciculus
19096,Epicranium
19103,Fast
19118,Prepectinate
19146,Quadrate
19170,Appendicular
19176,Mammillary
19177,Extended
19182,Omohyoid
19203,Supplemental
19219,Near
19221,Intercartilaginous
19304,Episcleral
19330,Ossa
19362,Metatarsointersesamoidean
19384,Colocolic
19396,Anagen
19401,Paw
19420,Pigment
19427,Sex
19447,Subserous
19478,Buccal-occlusal-palatal
19512,Boyd's
19523,Radiation
19561,Selenodont
19563,Diaphragma
19570,Mesial-incisal-lingual
19592,Incisal-lingual
19594,Pulvinar
19599,Neocerebellar
19604,Petroclival
19608,Premarginal
19692,Eponychium
19694,Fibrocartilage
19702,Hamster
19718,7/8
19725,Cere
19727,Attachment
19737,Infrapalpebral
19750,Pancreas
19765,Lunotriquetral
19768,Petrous
19803,Glabella
19848,Utricle
19849,Infrapubic
19866,C3-C4
19904,Nervus
19906,Cymba
19919,Biliary
19943,Syndesmosis
19951,Posteromarginal
19982,Continent
19987,Cortex
20020,Exocrine
20032,Tenon's
20036,Mouse
20050,Buccal-occlusal-lingual
20059,Retrobulbar
20076,Scaphotrapezium
20092,Sesamoid
20113,Choledochoenterostomy
20137,Supraumbilical
20138,Human
20157,Levator
20161,Preculminate
20168,Epicanthal
20173,Intranodal
20221,Intraspinal
20225,Spinotegmental
20227,fossa
20228,collateral
20229,lower
20230,lacrimal
20231,upper
20232,fat
20233,area
20235,of
20238,cisterna
20239,vascular
20241,skin
20242,cavity
20244,superior
20245,anulus
20246,mucous
20247,lens
20249,pulmonary
20250,sympathetic
20251,abdomen
20252,cervical
20254,prisms
20255,first
20258,tissue
20259,structure
20260,cartilage
20261,system
20263,sternal
20264,short
20266,prevertebral
20267,pharyngeal
20268,cerebral
20272,facet
20278,ligament
20279,oropharynx
20280,region
20283,connection
20284,laryngeal
20288,acting
20290,thymic
20291,vermis
20295,than
20296,bronchus
20300,aspect
20301,intralobular
20304,loop
20305,orbital
20308,posterior
20311,tendon
20312,rectus
20313,vermilion
20314,endocrine
20315,process
20317,pleura
20319,myocardium
20320,medial
20321,nerve
20323,caval
20324,joint
20331,proximal
20333,supraaortic
20336,pyloric
20337,meniscus
20338,sheath
20340,digitorum
20341,isthmus
20345,muscle
20346,supreme
20347,central
20348,transverse
20349,vein
20351,girdle
20352,commune
20354,clavicular
20355,groove
20356,lymphoid
20357,interosseous
20358,axis
20360,middle
20361,ciliary
20362,cranial
20363,clivus
20367,third
20370,right
20371,peribronchial
20373,fovea
20375,pancreatic
20378,scleral
20380,parotid
20381,arterial
20384,thalamus
20385,superficial
20386,anterior
20387,hiatus
20390,base
20391,crest
20393,dorsal
20398,mammary
20406,deep
20407,intermetacarpal
20408,lymph
20412,gastrohepatic
20416,root
20417,obturator
20421,tuberosity
20422,ray
20425,alveolar
20429,costotransverse
20430,finger
20434,colon
20436,paraduodenal
20438,gland
20442,ventricle
20444,gray
20446,umbo
20448,subcutaneous
20449,left
20452,radial
20457,straight
20458,valve
20459,head
20462,duct
20463,
20464,median
20465,neck
20467,high
20475,iliac
20477,ventral
20479,permanent
20481,esophagus
20483,surface
20487,supraclavicular
20489,persistent
20490,lucidum
20496,pars
20499,fascia
20505,intertransverse
20506,vocal
20514,musculotendinous
20516,intestine
20532,digital
20538,cochlear
20539,and/or
20542,infrapalpebral
20545,subaponeurotic
20547,thyroid
20549,half
20552,ear
20553,extremity
20556,hilum
20562,pollicis
20565,trapezoid
20569,oris
20572,processus
20573,under
20576,oral
20577,rotator
20578,spiral
20583,sac
20584,spine
20587,lobule
20590,recess
20592,puboprostatic
20593,crypt
20603,articular
20604,nucleus
20606,maxillary
20607,sphincter
20609,vertebral
20619,primary
20625,junction
20630,arch
20631,bed
20633,interatrial
20635,aperture
20642,thoracic
20646,extragenital
20649,cardiac
20650,tract
20655,appendix
20658,ansa
20661,phrenic
20668,apex
20669,basilar
20670,transentorhinal
20672,reticular
20674,adnexal
20675,serosa
20676,lacunar
20677,gastrocnemius
20679,flexor
20681,spinal
20683,parietal
20684,lumbosacral
20687,lesser
20688,foramen
20691,vestibular
20692,lymphatic
20693,membrane
20696,sacs
20703,wall
20711,limbus
20714,nasal
20720,lateral
20721,axillary
20727,and
20732,synapse
20738,intertendineal
20740,lip
20745,fastigiobulbar
20747,venous
20750,serous
20752,suboccipital
20759,triticea
20760,pelvis
20761,discs
20764,gluteal
20768,inner
20769,horn
20776,sternocostal
20779,radicular
20784,hepatic
20785,accessory
20793,petrosal
20794,clear
20800,triangle
20806,cell
20808,gastric
20809,jugular
20810,nervous
20815,main
20818,hypoglossal
20823,part
20831,rectal
20832,bone
20833,body
20836,fold
20839,preauricular
20841,lumbrical
20843,tubercle
20846,inferior
20850,renal
20858,complex
20859,periorbital
20861,over
20862,extremities
20864,fibrosus
20865,omentum
20866,retina
20873,temporal
20876,alar
20879,lamina
20883,lobe
20885,nodule
20886,fontanel
20887,plateau
20894,choroid
20896,branch
20897,palmar
20899,propria
20900,ischiocavernosus
20904,salivary
20907,soft
20912,endocardium
20914,osseous
20915,fluid
20918,medulla
20929,proper
20943,phalanx
20952,disc
20955,ramus
20958,epitympanicus
20959,equina
20964,sclera
20980,bud
20985,into
20986,corticomedullary
20990,hippocampal
20992,inguinal
20994,zygomatic
20995,compartment
21007,sacral
21010,forequarter
21014,cortex
21018,suprahyoid
21020,mesotympanum
21021,(serous
21028,subserous
21029,ascending
21030,angle
21031,intercostal
21034,commissure
21035,circumorbital
21037,internal
21043,great
21050,intrinsic
21051,rectourethralis
21063,cymba
21067,cord
21068,amygdaloid
21071,branches
21072,horizontal
21074,retromaxillary
21077,vertical
21078,ilioinguinal
21079,deciduous
21085,curvature
21091,omohyoid
21094,trigeminal
21098,cricothyroid
21108,epigastric
21110,pia
21111,parathyroid
21112,tibial
21119,eyelash
21132,tooth
21134,space
21137,glomerular
21139,extradural
21142,fibers
21145,retropancreatic
21150,hypochondriac
21154,back
21158,feature
21159,pubis
21163,epithalamus
21164,sulci
21165,epidural
21167,lingual
21172,sublingual
21177,carpal
21182,artery
21185,intercaval
21189,spaces
21192,zone
21195,omental
21196,retroperitoneal
21206,orifice
21207,septal
21211,pedicle
21215,infraorbital
21232,genital
21240,interspinous
21246,capsule
21249,subscapular
21253,tectorial
21256,fila
21262,chordae
21263,vesicouterine
21265,plexus
21266,oblongata
21270,auricular
21278,tripod
21279,outflow
21283,ostia
21285,lid
21289,interventricular
21292,Kerckring's
21295,lunar
21299,hair
21306,Fontana's
21312,gyrus
21319,piriform
21323,AND
21330,semicircular
21334,abdominal
21344,sesamoid
21346,spinalis
21347,mesial
21349,parenchyma
21351,septum
21354,terminal
21358,drainage
21360,canal
21361,meningeal
21364,anterolateral
21365,conjunctiva
21368,pineal
21371,ligamentum
21372,synovial
21373,vergae
21375,column
21384,ventricular
21393,pulposus
21394,suture
21395,costoxiphoid
21406,above
21415,roof
21417,lumbar
21418,sinus
21431,plantar
21442,acetabulum
21444,filiform
21447,supramarginal
21451,membranous
21452,flexure
21461,marginal
21464,bronchial
21476,(digital)
21485,greater
21492,coronary
21498,outer
21506,Bowman's
21508,infratentorial
21509,speech
21510,adductor
21511,retinal
21512,stria
21514,cerebrospinal
21516,nail
21520,costal
21526,metatarsophalangeal
21527,cloaca
21528,fissure
21529,liver
21532,window
21534,shaft
21536,tendinum
21538,tracheal
21539,interchondral
21554,sigmoid
21565,intervertebral
21574,parotid-masseteric
21585,supraorbital
21591,band
21599,dental
21601,chin
21602,portion
21604,hypothalamic
21608,equator
21618,in
21639,peripheral
21642,vessel
21655,eighth
21658,capitulum
21660,iris
21665,spinae
21671,sixth
21673,corpuscle
21674,postductal
21708,subdural
21719,gluteus
21720,corpus
21722,epiglottic
21724,white
21727,prelaryngeal
21728,heart
21732,lobar
21742,dorsum
21752,mitral
21753,apparatus
21757,submucosa
21758,narrowing
21760,molecular
21763,semispinalis
21769,muscularis
21771,cingulum
21784,mediastinal
21787,papilla
21792,sulcus
21794,apocrine
21795,oculomotor
21820,division
21824,synchondrosis
21828,intraarticular
21829,vagus
21831,wrist
21832,ethmoidal
21834,below
21839,subarachnoid
21840,connective
21849,spheroidal
21851,abdominopelvic
21854,tunic
21873,cerebellar
21884,fibrous
21886,calcaneocuboidal
21896,neurohypophysis
21898,pterygoid
21901,spinosum
21923,areolar
21930,hoof
21940,lemniscal
21944,buccal
21948,pore
21951,layer
21953,quadrant
21960,shin
21961,breast
21963,carpi
21967,leaflet
21969,epithelium
21977,distal
21985,splenic
21986,vestibuli
21987,peduncle
22010,tactiles
22012,squamous
22019,tegmental
22021,organ
22027,crura
22029,mechanoreceptor
22032,lacteal
22035,tendinous
22036,posteromedial
22040,thalamosensory
22043,peritoneal
22046,popliteal
22048,macula
22056,frontal
22059,tympanic
22063,carotid
22064,appendage
22067,crease
22075,stomach
22087,sesamoidean
22091,lung
22096,longitudinal
22106,anal
22109,costocervical
22112,cuticle
22113,palpebral
22117,supratrochlear
22139,convoluted
22142,apical
22145,hip
22152,prelaminar
22157,spinous
22163,apicoposterior
22165,sphenoparietal
22167,anonyma
22171,articulations
22174,belly
22180,erector
22191,putamen
22196,gastrointestinal
22198,peritoneum
22205,duodenal
22206,Retinopathy
22226,external
22228,vesalian
22243,pterygopharyngeal
22248,interlobular
22249,respiratory
22257,perivascular
22265,special
22269,optic
22283,superioris
22286,(tissue)
22292,adnexa
22294,to
22304,subserosa
22305,chamber
22316,cushion
22317,glottidis
22318,biliary
22326,toe
22336,perforating
22338,fifth
22340,interstitial
22349,caudal
22355,tuberoinfundibular
22356,insula
22368,midline
22383,scaphoid
22384,diencephalon
22396,seventh
22397,ileal
22402,rima
22405,transition
22414,nose
22419,torus
22420,protuberance
22424,spindle
22429,palatine
22430,midcervical
22440,tracts
22443,ampulla
22462,midtarsal
22463,sole
22466,vastus
22480,aorta
22483,foot
22490,lenticular
22493,segment
22499,periesophageal
22500,intracapsular
22505,dermatoglyphic
22514,cephalic
22524,colonic
22526,constrictor
22528,lamellar
22533,phrenicosplenic
22541,meibomian
22545,bile
22549,anatomic
22552,sensory
22557,portal
22558,epicondylar
22566,ulnar
22579,tonsil
22591,conducting
22598,olfactory
22601,canine
22602,granulation
22613,masseter
22617,celiac
22621,fibroelastic
22622,caeca
22624,mediastinum
22633,subvalvular
22645,retroduodenal
22648,ureteral
22657,second
22674,malleolus
22675,aortic
22694,border
22697,stem
22703,Huxley's
22704,vaginae
22715,carpometacarpal
22717,media
22718,cheek
22723,cusp
22733,fasciculus
22739,linea
22753,prostatic
22755,bones
22775,nipple
22777,corneal
22778,uveal
22787,intraepidermal
22801,tibialis
22806,basal
22817,tragus
22823,thyroepiglottic
22826,hyoepiglottic
22831,operculum
22842,muscular
22850,brain
22853,leg
22858,funiculus
22864,alba
22865,pulp
22873,calyx
22882,eyeball
22898,ostium
22909,common
22910,paratracheal
22916,chambers
22920,malleolar
22925,urethral
22926,extensor
22927,plica
22935,dura
22945,taenia
22950,floating
22958,sural
22961,hemisphere
22973,preductal
22977,trigone
22980,facial
22986,hyponychium
22988,lutea
22989,from
22996,canthus
22998,substance
23016,claustrum
23049,preganglionic
23058,ring
23060,avascular
23061,cribriform
23066,tenth
23071,legs
23073,transversalis
23075,annular
23078,-
23079,intermembranous
23081,suspensory
23086,interiliac
23091,ileostomy
23096,epicondyle
23100,limb
23105,dome
23107,stratum
23112,ciliaris
23117,tunica
23125,labial
23129,femoral
23132,pulvinar
23134,trochlea
23161,nasopharyngeal
23177,phrenicocostal
23179,mesothelium
23180,meninges
23195,radiations
23200,dermal
23201,gingival
23203,buttock
23204,tarsometatarsal
23214,atrioventricular
23217,bundle
23218,bridge
23224,pleural
23232,node
23234,parieto-occipital
23235,male
23236,ependyma
23242,appendicular
23253,polar
23265,quadrate
23270,periureteral
23271,substernal
23283,dehiscence
23286,stoma
23288,villous
23290,hepatocolic
23299,cornea
23302,interphalangeal
23303,splint
23318,vestibule
23325,vitreous
23352,cruciate
23353,least
23422,thalamic
23428,cuboidal
23432,stylomastoid
23434,lingular
23440,pigmented
23451,metatarsal
23454,conus
23458,oblique
23468,collecting
23477,opening
23489,sphenoid
23491,symphysial
23495,atrium
23500,philtrum
23506,nodes
23518,otoconia
23531,periodontal
23536,colic
23538,nasolacrimal
23544,retrocolic
23547,rubrospinal
23551,bronchiole
23553,patellar
23554,ophthalmic
23582,interspinalis
23602,subdivision
23604,tonsillar
23610,auditory
23611,peripancreatic
23628,tuberal
23630,subthalamic
23634,attached
23636,pelvic
23660,"(non-mitral,"
23661,mastoid
23662,retrobulbar
23678,gastrosplenic
23681,crista
23705,aorticorenal
23712,transcervical
23717,pubococcygeus
23720,recurrent
23723,intermedius
23738,"artery,"
23751,intercondylar
23761,tricuspid
23798,pectoral
23815,areola
23823,ganglion
23832,intraparotid
23833,occipitofrontalis
23834,mammillothalamic
23883,sternocleidomastoid
23892,lemniscus
23894,humeral
23899,infundibular
23902,geniculate
23904,lata
23906,canaliculus
23912,clunic
23920,peroneal
23928,intermedial
23936,plantaris
23945,esophageal
23949,hallucis
23963,tunnel
23982,convoluting
23988,infrahyoid
23990,exocrine
23991,periosteum
24030,serrated
24031,uvula
24032,cavernous
24034,prevesicular
24035,vellus
24048,line
24053,embrasure
24062,fundus
24081,biceps
24101,cuneus
24116,callosity
24119,capillary
24121,lumbocostal
24134,buccopharyngeal
24141,pivot
24142,perilymphatic
24167,chest
24168,pararectal
24175,cingulate
24196,phrenicomediastinal
24206,duodenojejunal
24207,jejunal
24208,cells
24213,solitary
24217,detrusor
24222,floor
24223,Roller's
24228,nephron
24242,eyelid
24246,reflected
24255,cruciform
24263,hard
24274,postcentral
24302,rostral
24329,occipital
24340,visceral
24341,cleft
24353,ani
24359,vinculum
24372,bony
24373,anorectal
24384,small
24392,infraclavicular
24400,coli
24403,vincula
24410,vertebrae
24425,red
24429,mesenteric
24440,intercuneiform
24444,attachment
24449,prominence
24453,incisure
24473,endothoracic
24478,Nuel's
24489,pituitary
24493,descending
24520,ischial
24527,synostosis
24535,intraparietal
24549,cardiovascular
24557,infrascapular
24559,subregion
24560,wool
24562,tensor
24584,turn
24604,thyrohyoid
24606,fourth
24613,subaortic
24615,brachial
24627,limbic
24629,trabecula
24642,medullary
24644,supraspinous
24668,mallear
24688,periapical
24698,carina
24707,quadriceps
24712,tuberculum
24718,shoulder
24728,cerebrum
24733,diverticulum
24747,peri-ileal
24756,urinary
24771,carotid-anterior
24772,tissues
24776,labyrinth
24801,intermuscular
24803,papillary
24807,substantia
24816,saphenous
24820,pole
24827,dividens
24833,supraoptic
24851,serratus
24860,cellulosum
24880,tractus
24883,radioulnar
24893,delta
24900,tertius
24917,intraculminate
24922,centromedian
24931,precentral
24938,sagittal
24943,margin
24964,ileocolic
24973,ileocecal
24984,capsular
24988,coccygeal
25003,subcommissural
25008,knee
25017,fasciculata
25020,decussation
25025,posteroseptal
25027,skeletal
25031,flap
25039,mid
25047,juxtaglomerular
25051,plane
25058,presacral
25076,cervicis
25079,vena
25106,visual
25111,fibroadipose
25117,pectinati
25154,parasternal
25155,plate
25166,fascicle
25168,habenula
25217,thyrocervical
25225,filum
25228,subhepatic
25240,cinereum
25250,pellucidum
25257,adventitia
25268,tuber
25269,vaginal
25272,condyle
25276,intestinal
25284,side
25296,brevis
25301,alveolus
25314,osteon
25358,ovarian
25368,pisometacarpal
25376,autonomic
25378,anserinus
25392,intermetatarsal
25400,sinoatrial
25404,tegmentum
25407,frenulum
25410,limen
25420,radiating
25425,submental
25449,cornu
25492,rhomboidal
25497,digestive
25498,paracortical
25499,abductor
25544,perirectal
25552,"pole,"
25553,paraganglion
25565,midcolic
25572,superstructure
25586,tail
25588,extraperitoneal
25589,subcapital
25631,fibrocartilage
25650,capitis
25653,soleus
25664,parasympathetic
25667,trunk
25668,rectum
25691,aggregate
25704,B
25734,tela
25750,bronchioles
25751,falx
25757,sweat
25760,enamel
25765,levator
25779,pons
25784,cuboid
25815,thigh
25817,diaphragmatic
25819,acromioclavicular
25824,midbrain
25835,forehead
25846,true
25857,descendens
25871,scala
25875,hole
25878,styloid
25889,waist
25909,notch
25937,umbilicus
25957,gastropancreatic
25958,salpingopharyngeal
25969,(organ)
26004,epitrochlear
26016,paraventricular
26025,chiasma
26033,infrarenal
26034,corticobulbar
26057,glenoid
26058,sucquet-Hoyer
26063,pectineal
26070,fissura
26076,scalene
26078,long
26115,hindquarter
26128,false
26137,coronal
26140,depressor
26144,pili
26156,fin
26158,mandibular
26160,trabecular
26165,keratogenous
26197,distobuccal
26219,appendiceal
26234,fascial
26238,twelfth
26244,pericolic
26249,palate
26260,conjunctival
26271,female
26274,subclavian
26289,turbinate
26298,fiber
26307,intima
26308,ventromedial
26309,thorax
26311,flocculonodular
26313,anterodorsal
26331,mammillary
26334,mesiolingual
26342,paranasal
26392,parapharyngeal
26401,occlusal
26440,tegmen
26453,pericardium
26454,epidermis
26475,tip
26491,ischium
26510,germinal
26521,lunule
26524,end
26543,follicle
26556,adenohypophysis
26575,non-articular
26598,corium
26635,seromucous
26637,scalp
26641,acromion
26642,cervicalis
26647,fornix
26649,collarette
26686,epiphyseal
26690,bowel
26691,metathalamus
26694,midshaft
26736,atrial
26742,skeleton
26743,pancreas
26746,costomediastinal
26770,minor
26773,condylar
26789,massa
26808,motor
26811,paraganglia
26837,retinaculum
26846,locus
26851,insertion
26862,epiploic
26865,cardia
26881,vallate
26892,sacrotuberal
26897,eleventh
26915,eye
26934,circulatory
26941,ossicular
26949,tympani
26982,collagen
26989,telencephalon
26994,nerves
26999,hypophyseal
27021,submandibular
27022,cricopharyngeal
27071,supratentorial
27102,extreme
27104,galea
27116,fatty
27117,crown
27120,bristles
27124,thoracolumbar
27127,mesentery
27134,interarytenoid
27162,palatina
27166,antrum
27170,infundibulum
27171,meridian
27213,duodenum
27223,amelocemental
27229,magnocellular
27238,humeroulnar
27252,preoccipital
27268,spino-olivary
27286,paracentral
27295,pit
27305,atlantoaxial
27306,intersigmoid
27339,carneae
27341,mammillotegmental
27344,subiculum
27346,bifurcation
27352,genitalis
27358,physiologic
27373,junctional
27407,field
27408,veins
27423,check
27425,Luschka's
27462,epiphysis
27478,hippocampus
27488,ora
27491,manubrium
27493,thoracis
27495,coracoclavicular
27508,iliopectinate
27544,veli
27545,segmental
27552,retroorbital
27556,fabella
27559,suprageniculate
27573,perihilar
27586,dendritic
27588,impression
27601,volar
27610,spinocerebellar
27614,villus
27618,corticocollicular
27627,or
27639,vagal
27646,sling
27653,lactiferous
27689,plicae
27696,epithelial
27704,perineurium
27714,ossicle
27720,auriculotemporal
27730,ridge
27733,epiglottis
27752,intermesenteric
27770,incisor
27790,topographic
27798,cilioretinal
27799,cardioesophageal
27804,sclerotic
27807,suprascapular
27818,subtrochanteric
27819,postganglionic
27834,supraglottis
27835,habenulopeduncular
27838,subpyloric
27842,deltoid
27847,inflow
27852,navicular
27858,interclavicular
27864,perineal
27871,cerebellopontine
27874,angular
27885,sided
27891,arcuate
27894,selective
27920,tapetum
27925,percent
27928,pancreaticosplenic
27954,femorotibial
27966,projection
27970,pyramis
27984,triad
28012,choana
28019,free
28021,suprapyloric
28033,sellae
28054,corona
28057,otolithic
28114,dorsolateral
28138,radiate
28142,suprarenal
28152,quadrangular
28162,thyropharyngeal
28176,agger
28198,camelid
28203,nervus
28207,brainstem
28211,supracallosal
28217,conical
28219,preferential
28220,"cord,"
28242,habenular
28256,centrum
28260,dentate
28275,gemellus
28285,spinotectal
28324,cuneiform
28366,caruncle
28373,sinusoid
28411,oculi
28425,metacarpal
28426,ventralis
28433,"ligament,"
28451,splanchnic
28459,retrolenticular
28463,hyaloid
28467,non-autonomic
28468,intertubercular
28478,mucosa
28492,vertebra
28499,ureteropelvic
28501,calf
28502,musculoskeletal
28509,urogenital
28514,extrapyramidal
28519,supratricuspid
28525,spina
28559,bridging
28564,integumentary
28589,suprapulmonic
28597,ventriculopulmonary
28598,chondropharyngeal
28627,quadrigemina
28639,teres
28646,subcostal
28656,adrenal
28660,presymphysial
28661,low
28665,jugulare
28704,perineum
28721,dominant
28727,tracheobronchial
28741,tarsal
28772,truncal
28790,intermediary
28824,intranasal
28830,utriculosaccular
28834,ileum
28842,faucial
28848,flocculus
28869,gastrocolic
28875,gustatory
28882,prepyramidal
28887,marrow
28890,mental
28919,axial
28929,neurocranium
28930,fungiform
28950,crural
29001,lunula
29008,major
29015,heel
29074,efferent
29079,periadrenal
29092,network
29101,ninth
29113,dentatus
29128,peritonsillar
29134,anteromedial
29137,supernumerary
29161,mylopharyngeal
29163,tubule
29170,uncinate
29176,cementum
29190,talonavicular
29200,(organ
29215,umbilical
29234,mucosal
29235,subfascial
29257,cuticular
29281,diaphysis
29340,limiting
29342,saccule
29345,kidney
29364,musculoaponeurotic
29415,vallecula
29431,throat
29455,supracondylar
29460,acetabular
29463,cardiopulmonary
29492,zona
29511,ganglia
29528,smaller
29543,achilles
29545,triangularis
29552,jugum
29556,triangular
29566,alpha
29582,interfoveolar
29604,pedis
29613,calamus
29625,infrapatellar
29636,extracapsular
29645,bladder
29667,hepatis
29669,human
29683,genitourinary
29692,association
29704,pharyngopalatine
29706,hypoglossi
29714,puborectalis
29723,tectum
29731,arteries
29741,purkinje
29758,juxtaductal
29771,matter
29775,hypophysial
29779,infrasternal
29808,occipitotemporal
29824,rectosigmoid
29825,olive
29844,stroma
29854,interdigital
29855,perihepatic
29869,subapical
29889,antitragus
29891,vestibulogingival
29895,pudendal
29913,pyramidal
29947,(region)
29948,raphe
29977,sphenoidal
29980,clitoridis
30006,antebrachial
30033,eminentia
30044,subtricuspid
30045,afferent
30068,iliococcygeus
30111,pancreaticus
30120,xiphoid
30130,pontine
30139,leaf
30152,precuneus
30208,jaw
30210,femoris
30232,ilium
30237,eyelashes
30244,blood
30299,pancreaticoduodenal
30315,cutaneous
30335,sebaceous
30347,sphenopalatine
30351,semilunar
30359,intracanalicular
30364,labrum
30365,fibrosum
30370,mater
30444,extraocular
30446,rods
30455,meshwork
30465,arachnoid
30468,splenium
30481,nuchae
30489,parolfactory
30490,arterioles
30493,ethmoid
30501,cartilaginous
30513,hematological
30526,basis
30533,masseteric
30545,submedial
30554,flavum
30575,pubovesicalis
30590,postvesicular
30600,air
30601,neurovascular
30606,sacrospinous
30618,intermediate
30623,anti-mesenteric
30633,acromial
30644,interdental
30651,hypogastric
30679,internodal
30733,sternopericardial
30743,AND/OR
30756,subthalamus
30775,thenar
30785,hypothalamicothalamic
30789,(surface
30809,cage
30812,periventricular
30814,endopeduncular
30818,glossopharyngeal
30923,musculocutaneous
30951,syrinx
30952,cauda
30986,corticorubral
30993,phagocyte
31012,granulosum
31062,formation
31067,extrinsic
31073,inferoseptal
31098,cricoid
31099,retropubic
31103,Descemet's
31109,midventricular
31115,bulbar
31125,pouch
31149,mouth
31165,intradermal
31173,hemorrhoidal
31176,elbow
31223,suprapleural
31253,tarsus
31363,rhinencephalon
31365,tectospinal
31406,jejunum
31411,pathway
31419,cerebellum
31436,corneae
31446,vomeronasal
31451,scapular
31473,intervenous
31507,receptor
31553,myelopoietic
31581,medium
31586,cerebelli
31587,vesical
31612,curtain
31625,hepatorenal
31630,eyebrow
31635,phrenicocolic
31660,caudate
31663,excluding
31676,orbit
31727,trochlear
31756,spinothalamic
31760,alimentary
31769,compact
31798,penis
31802,neural
31804,trochanteric
31808,limitans
31822,beta
31863,digiti
31874,"larynx,"
31887,Auerbach's
31895,lactating
31902,reticulospinal
31919,lobular
31929,zonular
31947,promontory
31968,fimbria
31998,crus
32020,carotid-posterior
32024,rhinal
32075,tubal
32080,contact
32084,ala
32087,erythropoietic
32120,tibionavicular
32141,eparterial
32144,glenohumeral
32149,intercarpal
32162,midpalmar
32164,rhomboid
32183,cuneate
32195,arches
32197,lacunae
32247,conoid
32251,T
32285,interpubic
32292,supramammillary
32300,sacrococcygeal
32319,coronoid
32331,sacroiliac
32347,juxtaintestinal
32348,glands
32372,pericardial
32379,dorsomedial
32440,germinativum
32442,meatus
32468,porta
32470,"nerve,"
32483,hindlimb
32486,yellow
32528,supraglottic
32557,retromammary
32563,retroileal
32584,henle's
32592,uterovaginal
32613,pupillae
32614,lingula
32640,lamellosa
32657,articulation
32658,surae
32692,cubital
32735,gastro-omental
32737,calcaneofibular
32750,nigra
32789,antecubital
32792,nasolabial
32805,tubules
32808,costovertebral
32813,pubofemoral
32815,cavum
32828,leptomeninges
32830,His'
32843,node-His
32849,aponeurosis
32852,arteriole
32860,coracohumeral
32863,modiolus
32874,fibrocartilaginous
32903,hypopharyngeal
32906,forceps
32909,sternum
32911,choledochus
32914,milk
32917,pallidus
32927,vertex
32948,plicatus
32983,lenticularis
32997,myelinated
33005,intertrochanteric
33013,capillaries
33017,sustentaculum
33055,accumbens
33060,supporting
33076,subcarinal
33080,sacciform
33105,periphery
33110,lumen
33113,taste
33126,dentin
33161,wisdom
33168,submuscular
33176,bursa
33186,calcaneal
33195,striae
33197,systemic
33204,pupillary
33283,postcricoid
33301,paleocerebellum
33320,radius
33326,fauces
33331,pulmonic
33340,inferolateral
33344,tactile
33356,trigonal
33370,bronchi
33374,depression
33378,luys'
33405,stellate
33435,interscapular
33436,paraterminal
33449,ventriculoaortic
33452,pyloricus
33455,intrahepatic
33463,reptile
33464,nutrient
33485,rostrum
33494,synovium
33496,antral
33515,iliopelvic
33531,retrovaginal
33551,glomus
33581,subparietal
33675,meridional
33696,diploetic
33753,calcar
33763,brachii
33776,corneum
33777,vas
33820,sphenoethmoidal
33836,bimalleolar
33845,rectovesical
33849,intercartilaginous
33853,arbor
33863,gallbladder
33875,spiralis
33882,sternothyroid
33885,colli
33894,ischiofemoral
33909,cutis
33920,cricoarytenoid
33933,symphysis
33940,circle
33967,cleavage
33994,perirenal
33998,parahippocampal
34001,Westphal
34012,virchow-Robin
34013,paravaginal
34015,reuniens
34021,ceruminous
34049,prececal
34059,ductus
34101,striatum
34117,aggregated
34124,archicerebellum
34154,aqueous
34158,periaqueductal
34186,Reil's
34224,aerodigestive
34260,"teeth,"
34269,basement
34300,arytenoid
34313,pterygospinal
34343,nasopharynx
34349,transversarium
34354,preoptic
34357,longus
34359,star
34381,aryepiglottic
34419,glabella
34425,perisplenic
34430,Bruch's
34441,wing
34496,anteroseptal
34501,globus
34530,posterolateral
34531,gracile
34554,pubic
34576,cortical
34580,mucosae
34592,sternohyoid
34618,toes
34622,stylomandibular
34648,corticopontine
34652,frontoparietal
34655,hyoid
34676,hypothalamus
34697,endolymphatic
34708,paravalvular
34712,ligaments
34731,diencephalic
34755,triceps
34763,clava
34785,arm
34786,neocerebellum
34821,pterygomandibular
34868,lentiform
34879,fibular
34891,tectobulbar
34905,pecten
34935,infratrochlear
34955,laminae
34958,meatal
34967,vasa
35023,distolingual
35044,peripharyngeal
35064,retropyloric
35077,costoclavicular
35134,suprasellar
35149,sphenomandibular
35153,ginglymus
35165,"chest,"
35214,fur
35232,columns
35251,canthal
35284,corpora
35313,sinusoids
35389,talar
35438,postauricular
35439,lymphocytic
35504,circulus
35537,infratemporal
35544,pectinate
35553,transversospinalis
35602,retromolar
35605,Darkschevitsch
35606,genitalia
35610,cristae
35637,foliate
35653,gastrophrenic
35655,periaortic
35678,peritracheal
35684,obliquus
35718,eccrine
35722,splenius
35741,cystic
35745,meniscofemoral
35753,interlobar
35786,iliopubic
35809,gutter
35813,postlaminar
35839,cordis
35846,premolar
35862,Held's
35866,alveus
35881,gingiva
35892,genu
35895,bulbospongiosus
35898,anogenital
35903,bifurcated
35912,"abdomen,"
35934,longissimus
35953,marking
35954,Hesselbach's
36080,periduodenal
36109,marginalis
36124,tree
36135,tibiofibular
36138,stylohyoid
36170,olecranon
36174,rectovesicalis
36180,pleuroesophageal
36190,entorhinal
36204,confluence
36226,subfascicular
36239,chorda
36258,"nose,"
36278,hyparterial
36288,septi
36303,"entire,"
36324,iliotibial
36329,vortex
36331,mononuclear
36332,olivary
36351,bronchoesophageal
36403,tension
36414,brachialis
36427,superciliary
36453,cochlea
36454,Broca's
36468,gum
36469,rectouterine
36482,dermis
36501,neuroepithelial
36508,spinotegmental
36556,callosum
36567,hypopharynx
36568,episcleral
36577,torcular
36589,medullaris
36595,pretracheal
36684,Forel's
36703,epicranium
36785,bronchopulmonary
36793,columella
36807,semilunaris
36816,interpeduncular
36818,bulb
36844,glomerulus
36872,hypothenar
36879,helix
36889,fastigii
36967,trimalleolar
36974,unit
36976,pisohamate
36994,multifidus
37003,elastic
37012,snuffbox
37025,falciform
37043,pronator
37045,molar
37048,ampullaris
37054,ceratopharyngeal
37058,plicata
37070,cranium
37078,hepatoduodenal
37126,calvaria
37138,pallium
37166,prerubral
37183,glandular
37193,fimbriodentate
37195,peritubular
37241,metaphysis
37242,vaginalis
37285,types
37296,cricotracheal
37307,precordium
37331,pyramid
37338,anteroventral
37452,otic
37461,corniculate
37494,mesoappendix
37500,reticularis
37530,supramitral
37551,condyloid
37555,supratip
37576,hematopoietic
37603,fasciolar
37614,iridocorneal
37632,tibiocalcaneal
37636,intralaminar
37655,clavipectoral
37660,genitofemoral
37697,paravesicular
37698,hook
37704,retrocecal
37749,vestibulospinal
37768,tight
37772,surgical
37822,tentorium
37848,flank
37852,petrous
37855,teat
37860,intrapyramidal
37913,antler
37916,digit
37918,coracoacromial
37923,C2/3
37931,fingers
37938,impar
37939,supraglenoid
37983,rami
38001,calcaneonavicular
38011,anatomical
38086,infraauricular
38098,para-aortic
38120,iliohypogastric
38130,large
38143,glottis
38160,folium
38178,pinna
38181,peribronchiolar
38183,cervicothoracic
38201,anconeus
38208,acinus
38239,tonsils
38250,retropharyngeal
38280,delphian
38292,glomerulosa
38298,cloacogenic
38310,submaxillary
38318,suprachiasmatic
38386,porus
38399,teeth
38404,antihelix
38410,incisal
38430,nasociliary
38477,intercostobrachial
38488,indicis
38517,scent
38523,paraurethral
38542,Morrison's
38594,mentolabial
38670,odontoid
38699,mesiobuccal
38706,intraparenchymal
38708,lacus
38743,perimysium
38751,subendocardial
38777,intralimbic
38852,spinorubral
38872,face
38882,pedunculopontine
38899,terminale
38931,perivalvular
38942,ankle
38953,dentition
38962,(straight)
38984,culmen
39031,neuromyoarterial
39077,rivus
39111,recessus
39145,stump
39159,supravesical
39210,multiple
39224,diaphragm
39258,neuroendocrine
39262,"structure,"
39285,frontopontine
39291,intracranial
39299,ischiorectal
39300,uterine
39304,subglottis
39305,sulcomarginalis
39360,temporopontine
39376,pylorus
39391,utricle
39392,uncus
39399,intercrural
39416,abducens
39426,parafascicular
39493,perianal
39505,dermatome
39512,pad
39515,mammaria
39529,bulla
39553,ball
39570,furcation
39597,walls
39645,anococcygeal
39660,humeroradial
39694,sublenticular
39713,inframammary
39714,nuchal
39745,iliofemoral
39770,tuberomammillary
39794,center
39812,stalk
39834,cecum
39873,anguli
39912,(non-tricuspid)
39936,paraaortic
39970,periurethral
40006,hypothalamicohypophyseal
40029,pupillomotor
40037,activating
40061,periappendiceal
40077,colliculus
40097,striata
40116,intramuscular
40131,spinosus
40133,conchae
40151,circular
40177,planum
40212,intertragal
40249,paratenial
40252,coracoid
40256,rectococcygeus
40261,frontomarginal
40273,ribs
40278,(non-mitral)
40285,sciatic
40315,outlet
40334,concha
40351,cerebrovascular
40384,palpebrae
40392,radialis
40408,radiation
40434,suprachoroidal
40462,azygous
40465,chyli
40489,sheathed
40491,insular
40499,for
40502,subtendinous
40512,hand
40515,on
40528,ductules
40577,supraumbilical
40584,cuneometatarsal
40600,centralis
40605,spur
40608,rete
40609,fourteenth
40614,tendineus
40651,mesencephalic
40666,digastric
40681,interpectoral
40691,forebrain
40707,iliocostalis
40716,defect
40723,plana
40746,arteriolae
40748,maxilla
40770,atlanto-occipital
40791,Taillefer
40795,gastroduodenal
40802,parietotemporal
40808,tributary
40827,the
40834,urethrae
40845,cribrosa
40866,intertarsal
40873,structures
40882,epiploica
40883,scrotal
40885,subclavia
40893,intermaxillary
40932,Zinn
40966,52
41004,palmaris
41013,dorsales
41030,ossification
41071,epiphysial
41094,iliacus
41124,ulnocarpal
41161,Schroy
41168,rib
41182,with
41196,talocalcaneal
41248,membrane)
41252,eminence
41271,frenum
41309,intraglandular
41344,Carabelli
41351,subtalar
41375,web
41407,patellofemoral
41428,vessels
41455,"surface,"
41464,ansiform
41482,subclavius
41483,radicularia
41489,tendineae
41542,brachiocephalic
41558,lambdoid
41563,at
41611,posterobasal
41612,pyramidalis
41650,viscus
41671,papillae
41673,45
41688,gingivae
41725,granular
41731,magnocellularis
41739,mallearis
41752,iridica
41778,instep
41781,mesocolon
41805,coracobrachialis
41820,front
41839,sixteenth
41850,ethmoidomaxillary
41864,nasofrontal
41867,plexiform
41893,latissimus
41946,medius
41948,Henle
41957,foramina
41963,"vertebrae,"
41967,sternoclavicular
41998,dentis
42012,matrix
42132,venule
42142,malleus
42198,jawline
42209,thirteenth
42210,mandible
42222,stapedius
42228,mylohyoid
42235,wormian
42262,intersection
42274,interpeduncularis
42300,paraumbilical
42343,nuda
42347,eighteenth
42375,interleaflet
42376,fusca
42378,intercalated
42416,gracilis
42433,Study
42443,intraoccipital
42450,frontonasal
42454,obtuse
42460,hamstrings
42492,senses
42503,intermedia
42537,antitragicus
42573,fifteenth
42586,between
42595,nuclear
42606,circumflex
42643,infra-umbilical
42645,terminalis
42657,section
42676,38
42693,lateralis
42732,patterns
42753,pharyngeus
42757,seventeenth
42776,arteriovenous
42805,adenoid
42845,nodose
42848,coat
42849,retinae
42895,articularis
42960,septomarginalis
42965,cuneatus
43004,endothelium
43016,fronto-occipital
43032,abomasum
43036,chondroglossal
43052,atlantal
43067,peroneus
43072,femur
43110,postcapillary
43128,3
43137,(including
43154,fimbriata
43172,libera
43178,incisurae
43185,communicating
43210,subchoroidea
43224,punctum
43245,extrahepatic
43294,temporomandibular
43324,ureter
43338,annulus
43340,frontolacrimal
43348,perforated
43379,bicipitoradial
43420,humerus
43428,crevice
43450,21
43467,Wolfring
43486,piriformis
43503,palatoglossal
43511,one
43539,anserine
43571,iliopsoas
43576,lacerum
43600,episcleralis
43602,archicortex
43625,eardrum
43653,ambiens
43654,profunda
43702,trochanter
43843,1
43854,collector
43855,nuclei
43871,vasorum
43873,scalenus
43880,choroidal
43887,non-tricuspid)
43896,mentalis
43898,aqueduct
43902,sphenopetrosal
43908,galli
43941,2
43948,thumb
43960,calcarine
43994,syndesmosis
44038,zygomatico-orbital
44045,adductor-interosseous
44120,lamella
44127,(palatine)
44179,intraabdominal
44225,17
44264,forearm
44284,ulnaris
44304,circumference
44400,sacrococcygeus
44403,nervi
44422,broad
44429,perioral
44447,furrow
44448,48
44505,supratonsillar
44507,43
44511,postrema
44519,quadratus
44529,parvocellular
44551,psoas
44572,pectoralis
44586,longum
44607,pes
44718,striate
44722,little
44760,smallest
44782,32
44832,patella
44856,carnea
44909,ansae
44929,ending
45000,venosus
45012,ganglionic
45015,trifurcation
45021,iliolumbar
45030,muscles
45034,gelatinosa
45067,venulae
45085,surfaces
45109,39
45120,Cell
45121,cuneocuboidal
45129,fascicles
45175,uvular
45269,incisura
45306,cava
45388,semimembranosus
45402,origin
45427,18
45482,ovale
45487,valves
45495,omentale
45510,incudostapedial
45528,dentalis
45555,hilar
45623,omentalis
45630,hemidiaphragm
45637,insulae
45666,vestibulocochlear
45682,fornicatus
45726,longi
45734,basalis
45738,brachium
45746,trachea
45751,lymphoreticular
45763,tubular
45814,airway
45834,47
45850,frontoethmoidal
45851,naris
45867,radio-ulnar
45882,hallux
45889,89
45900,labyrinthine
45961,choroidea
45970,vault
45978,cerebri
46013,normal
46019,bicipital
46023,group
46063,natal
46076,vocalis
46139,grey
46162,beard
46172,frontozygomatic
46184,folds
46235,tongue
46271,vesicular
46285,anastomosis
46297,antitragohelicina
46310,atlantooccipital
46322,zonale
46338,breve
46367,labii
46378,basivertebral
46400,within
46412,pneumatic
46452,innominate
46488,declive
46511,thymus
46542,extrapulmonary
46550,immune
46588,22
46604,externus
46627,paramammary
46633,creases
46637,sphenosquamous
46639,42
46653,incus
46707,stylopharyngeus
46766,zygomaticomaxillary
46771,zygomaticus
46832,clinoid
46955,intrapulmonary
46993,auricle
46996,by
47034,hamstring
47046,frontomaxillary
47056,sternomastoid
47064,extensorum
47072,sphenofrontal
47073,ceruleus
47200,siphon
47250,Bochdalek
47278,tibiotalar
47302,37
47327,bearing
47331,aponeurotica
47390,thoracoacromial
47445,sartorius
47491,fundal
47538,parvocellularis
47558,opponens
47571,hippocampi
47585,cup
47643,subdeltoid
47652,ducts
47669,magnum
47715,serrata
47729,pisiform
47747,spleen
47749,mesangium
47771,palatini
47794,cistern
47804,6
47808,trapezius
47820,styloglossus
47916,semilunares
47973,centrale
48017,site
48097,semitendinosus
48106,biventral
48107,ulna
48108,19
48243,temporozygomatic
48249,corticospinal
48257,prostatae
48263,atlas
48272,naviculo-cuneiform
48304,pterygopalatine
48306,superficialis
48328,occipitomastoid
48343,arcuata
48403,nasi
48404,sub-part
48439,subacromial
48447,roots
48471,olivocochlearis
48483,semiovale
48536,scapulae
48643,metacarpophalangeal
48654,internus
48660,non-skeletal
48817,genioglossus
48836,buccinator
48961,Corti
48985,ossis
49021,nodules
49056,anastomotic
49101,sterni
49121,mesocolica
49148,clavicle
49150,nasal-orbit
49219,Fabricius
49247,urethra
49282,"posterior,"
49349,passage
49360,"head,"
49363,element
49427,part)
49441,non
49444,appendicis
49563,tuberalis
49630,infundibularis
49646,cementoenamel
49678,Beraud
49702,larynx
49719,orbicularis
49840,scriptorius
49843,risorius
49879,antihelicine
49889,enteric
49902,Lieberkhn
49903,sphenomaxillary
49909,cuneonavicular
49965,49
49988,calcaneum
50012,ovalis
50085,28
50086,infraspinatous
50137,intertransversarius
50167,malleoli
50204,emissary
50266,skull
50269,procerus
50349,component
50350,diagonal
50363,emboliform
50372,arteriosum
50414,Rosenmuller
50462,29
50501,temple
50535,glossoepiglottic
50550,fibula
50583,saphenofemoral
50601,linguae
50659,hyoglossus
50702,intermedium
50753,modioli
50774,44
50855,prepatellar
50858,maximus
50891,ocular
50940,radiocarpal
50970,avian
50979,iliopectineal
50985,pupil
51016,region)
51072,glenoidale
51083,prepericardial
51096,scapula
51129,capitate
51165,thoracoepigastric
51193,cochleae
51207,longitudinalis
51244,popliteus
51267,all
51286,intercapital
51302,stylopharyngeal
51314,medialis
51393,thalamostriate
51398,irregular
51423,inguinale
51469,frontopolar
51492,intersphincteric
51498,prepyloric
51530,41
51544,penicilliary
51547,parietomastoid
51558,retractors
51559,pharynx
51603,26
51615,lemnisci
51653,incisiva
51773,eminences
51785,geniohyoid
51844,inguinalis
51868,penile
51878,areas
51892,foveola
51957,palatal
51963,temporalis
52010,acoustic
52040,convexity
52090,minimi
52101,"trachea,"
52154,petrosooccipital
52177,conduit
52217,5
52260,pontis
52266,25
52294,incerta
52302,elevation
52366,sphenozygomatic
52377,salpingopharyngeus
52440,vasculosa
52488,lacrimomaxillary
52524,59
52578,camel
52611,31
52624,interfascicularis
52644,cuboidonavicular
52658,forefoot
52687,costae
52800,communicans
52858,intercalatus
52859,suprapubic
52904,23
52931,including
53017,fingertip
53020,interna
53064,transversus
53170,cremaster
53237,rim
53244,tali
53406,sphenooccipital
53458,brachioradialis
53472,growth
53512,peduncular
53608,supinator
53621,Huscke
53625,accessorius
53668,"node,"
53723,aditus
53815,dorsalis
53823,articulating
53853,transitional
53945,prerolandic
53958,choroidocapillaris
53980,avis
53992,ambiguus
54004,spirale
54058,radiata
54065,prepositus
54069,intratendinous
54080,vitae
54111,lacuna
54173,perpendicularis
54194,lines
54202,gastrica
54219,nasomaxillary
54237,subtarsal
54238,midfacial
54261,rugae
54306,squamomastoid
54320,lunate
54381,humor
54384,Oddi
54391,fossae
54487,gums
54506,Fleischmann's
54539,uncinatus
54556,edge
54619,intercavernous
54630,globose
54716,12
54772,magna
54793,rotundum
54805,companion
54886,opercula
54941,supraclinoid
54966,24
54971,suprachoroidea
54973,Mall
54991,sinuses
55010,elasticus
55042,retromandibular
55046,callosomarginal
55072,subscapularis
55172,supraventricularis
55177,xiphosternal
55196,talofibular
55199,opticum
55207,oropharyngeal
55261,platysma
55330,magnus
55351,(structure)
55387,innermost
55409,intrapancreatic
55454,derived
55545,9
55593,supraspinatous
55671,reticuloendothelial
55675,thyroidea
55692,helicis
55743,musculophrenic
55875,Martegiani
55876,zones
55894,retrohyoid
55989,palatopharyngeal
55991,callosal
55998,forelimb
56066,minimae
56254,point
56268,internasal
56403,flexorum
56452,Zeis
56543,perforata
56557,11
56655,35
56656,Foltz
56666,69
56776,genicular
56804,Herophili
56838,inlet
56866,Kent
56901,sacrum
56911,H2
56921,palatoethmoidal
56946,ampullary
57022,lymphovenous
57066,4
57073,suprapatellar
57132,glandulae
57146,obliqua
57190,perilunate
57268,membranacea
57286,"region,"
57303,thoracodorsal
57321,pigment
57336,orbitalis
57363,paralaminaris
57441,fibrosa
57469,peritonei
57491,caroticotympanic
57526,Hering
57570,sublobular
57616,36
57641,cuff
57687,horizontalis
57700,lymphatics
57837,singulare
57854,cricesophageal
57857,vascularis
57896,oblonga
57912,pericardiophrenic
58048,elephant
58100,fluids
58111,paravesical
58149,venosum
58210,communicantes
58238,entity
58243,index
58373,Disse
58393,pectineus
58395,interparietal
58402,densa
58412,hindfoot
58445,albae
58550,79
58556,incudomallear
58613,acusticus
58670,tympanostapedial
58671,corrugator
58765,retrocalcaneal
58817,phalangeal
58844,pillar
58899,hemiazygous
58900,paraflocculus
58935,lacrimalis
58958,basilic
59045,gonad
59051,mass
59223,palatomaxillary
59268,interureterica
59308,lacrimoconchal
59318,modiolar
59320,lips
59346,parafollicular
59394,tensa
59419,reticulum
59527,paracervical
59554,parietooccipital
59601,tibia
59665,7
59669,minimus
59671,closed
59677,intertubular
59733,size
59734,46
59742,cranialis
59893,tragicus
59968,34
59984,rolandic
60042,Hasner
60047,flaccida
60114,Sucquet-Hoyer
60178,8
60215,frontalis
60307,infratendinous
60311,Koch
60316,33
60363,chiasmatica
60395,flat
60425,haustra
60736,"foot,"
60795,rhombencephalon
60841,adductorius
60899,equine
60934,lumborum
60973,rectae
61007,both
61037,rumen
61464,udder
61682,"interphalangeal,"
61712,C0
61855,trapezium
61975,gastroepiploic
62025,VIII
62120,dorsi
62190,except
62192,midcarpal
62222,"metatarsal,"
62357,tube
62375,Sylvius
62631,diploic
63038,III
63044,posticus
63083,pre-pylorus
63142,coccyx
63188,abdominis
63311,pinnal
63364,azygous)
63614,suprasternal
63790,Schultze
63819,axilla
63951,convex
64081,channel
64101,four
64198,"gums,"
64320,anus
64528,"trapezoid,"
64540,Todaro
64615,stapes
64630,facialis
64662,antra
64795,Salzmann
64812,carpus
64833,"forearm,"
64907,round
64979,apophysis
65075,arenacea
65141,(supra-aortic)
65290,auricularis
65311,palati
65313,socket
65334,foraminosus
65390,macular
65419,categorized
65519,"hamate,"
65607,Vieussens
65709,cranii
65770,externum
65843,tufts
65973,cartilages
66094,joints
66226,obverse
66494,M1
66529,paraspinous
66534,pads
66594,inferioris
66653,"hand,"
66687,"metacarpal,"
66697,Vater
66727,bursae
66898,regions
66938,flexion
67012,"phalanges,"
67122,labiomental
67159,follicles
67302,fasciae
67519,mobile
67551,interganglionic
68003,Morgagni
68081,intercellular
68611,velum
69020,smooth
69154,nostril
69212,occipitalis
69231,P2
69594,(mediastinal)
69596,interosseus
69671,vermiformis
69850,Heister
69857,hypothalami
69965,capsules
70324,anticus
70360,internum
70495,comitans
70513,II
70616,supraspinatus
70759,ventrolateral
71038,phrenicoabdominal
71289,"capitate,"
71306,talocalcaneonavicular
71399,supercilii
71650,reflexum
71921,hepatopancreatic
71975,reproductive
72240,plantae
72337,animals
72649,their
72979,venules
73122,zygapophyseal
73193,talus
73269,pellucidi
73275,clitoris
73732,olecranal
73795,S5
73797,pontomesencephalic
73866,dens
73895,located
73933,commissures
74014,VII
74284,(suprainnominate)
74394,Willis
74697,Valsalva
74790,cecal
75058,hamate
75099,IV
75146,VI
75297,vasculosus
75409,osseae
75579,type
75671,triquetrum
75902,ima
76155,a
76347,birds
76502,aortopulmonary
76610,mentis
77012,organs
77289,astragaloid
77359,thyroideae
77571,trapezial
77602,component)
78214,vomer
78354,Montgomery
78476,"rib,"
78610,M2
78693,adenoids
79225,P1
79333,auxiliary
79409,V
80289,Eisler
80398,infraspinatus
80452,communis
80539,sphenoidalis
80572,ilii
80597,pillars
81726,context
81972,margins
81992,Wirsung
82248,distribution
82397,paw
82499,related
83555,arteriosus
83843,forepaw
83921,Ciacco
84187,sites
84328,compartments
84840,palm
85084,tendons
85099,vera
85471,exit
85574,islet
85799,"duct,"
86318,metacarpo-phalangea
86322,nasalis
86735,"esophagus,"
86790,feet
87524,atrioventricula
87529,latae
88167,profundus
89315,mastication
90420,talocrural
90800,Bertin
91751,Cajal
92230,channels
92322,clitoridal
92332,(striate
93139,spuriae
93166,homologue
93253,lobes
93374,lagomorph
93824,bodies
94122,near
95428,eyelids
95636,[NA]
96230,Meynert
96436,trabeculae
96601,solitarius
97052,perforator
97254,(shin)
100131,plexuses
100344,tegmented
100399,hindpaw
101303,"wrist,"
101681,ossicles
103235,back)
103886,as
104099,interphalaneal
105461,tendinae
105873,named
105928,peduncles
106393,intrathoracic
106833,periocular
108947,parts
109857,calcaneus
110041,"brain,"
110339,neck)
111307,testicular
111940,Huebner
112559,"cortex),"
112659,"back,"
112782,"lungs,"
112899,alaeque
114156,(calf)
115891,(instep)
116732,groin
117166,"nasopharynx,"
117203,semicurcular
118565,"tongue,"
119436,Luy
121605,combination
122180,malignancy
122953,adjacent
124219,vulva
124926,cunieform
126487,"liver,"
128367,I
129060,more
131413,other
132143,kidneys
133009,CS
138792,"palate,"
139759,intestines
140736,choanae
142158,midsagittal
144340,whole
146714,"gallbladder,"
149598,flexors
150779,Adamkiewicz
153013,(parastriate
158609,hind
161025,Forel
166286,periumbilical
168567,midfoot
173240,cortex)
233921,(peristriate
